{
  "seed": 42,
  "device": "cpu",
  "model_timestamp": "20260114_193518",
  "config": {
    "LOOKBACK": 360,
    "HORIZON": 180,
    "BATCH_SIZE": 32,
    "LR": 0.001,
    "WEIGHT_DECAY": 0.001,
    "HIDDEN_SIZE": 64,
    "NUM_LAYERS": 2,
    "DROPOUT": 0.4,
    "FEATURES": 22,
    "SIGMA_FORECAST": 0.02,
    "HIST_COLS": [
      "nivel",
      "precipitacion",
      "temperatura",
      "caudal_promedio",
      "tmed",
      "prec",
      "tmin",
      "tmax",
      "hr_media",
      "velmedia",
      "racha"
    ]
  },
  "training_history": {
    "train_loss": [
      0.033411053204849266,
      0.026562829462002415,
      0.026647933921478212,
      0.02658756193257152,
      0.026624447395592235,
      0.02658028374329054,
      0.02654558539171166,
      0.026616116668521546,
      0.026566417227373816,
      0.026636758661017012
    ],
    "val_loss": [
      0.021230586522366278,
      0.021105826834592827,
      0.0208474602848769,
      0.02088831277871624,
      0.02106048769499653,
      0.02124445283194431,
      0.021275429520756006,
      0.021930120127180066,
      0.02292551126969883,
      0.021636510126812097
    ]
  },
  "best_val_loss": 0.0208474602848769,
  "total_epochs": 10
}